sample_id,text,gold,pred,confusion_pair,pred_confidence,gold_from_data,prob_anger,prob_disgust,prob_fear,prob_joy,prob_neutral,prob_sadness,prob_surprise
dia73_utt0,"And shame on you! You should know better, Joey needs to work.  Now come on!",anger,disgust,anger -> disgust,0.5986363291740417,anger,0.3050532937049866,0.5986363291740417,0.0018048060592263,0.0386788062751293,0.012463329359889,0.0414117909967899,0.0019515574676916
dia49_utt10,There are children coming into the world in this very building and your negative fighting noises are not the first thing they should be hearing.,anger,disgust,anger -> disgust,0.5880549550056458,anger,0.1728589087724685,0.5880549550056458,0.0126332594081759,0.0103179300203919,0.0889664590358734,0.1244201213121414,0.0027484227903187
dia82_utt1,"Damn those robots, they’re supposed to be our",anger,disgust,anger -> disgust,0.5057510733604431,anger,0.263790875673294,0.5057510733604431,0.0112051358446478,0.0330215208232402,0.0134663004428148,0.1566309481859207,0.0161342173814773
dia14_utt4,"I want to talk to that bastard, see what his problem is.",anger,disgust,anger -> disgust,0.4969817698001861,anger,0.1104127019643783,0.4969817698001861,0.0146468859165906,0.0418646112084388,0.2879221737384796,0.0451981164515018,0.0029737472068518
dia25_utt2,"Yeah, but this  isn't the face of a person who trusts a person.",anger,disgust,anger -> disgust,0.4260802268981933,anger,0.1713507622480392,0.4260802268981933,0.0113627510145306,0.0075064785778522,0.2848089337348938,0.0951211079955101,0.0037697097286581
dia92_utt11,"Of course not, it smells like wine, which you spilled! And thanks for wrecking my sheet by the way.",anger,disgust,anger -> disgust,0.3280661702156067,anger,0.1964498609304428,0.3280661702156067,0.0029998887330293,0.282975822687149,0.0454288013279438,0.1404013186693191,0.0036781860981136
dia26_utt12,"Oh, please, you wanted to get caught.",anger,fear,anger -> fear,0.5156022906303406,anger,0.0767855122685432,0.0513222366571426,0.5156022906303406,0.0255676638334989,0.0343722961843013,0.2741053402423858,0.0222446490079164
dia42_utt4,Oh no-no-no! Oh-no!  No! No! Emily!,anger,fear,anger -> fear,0.4256918132305145,anger,0.1530988812446594,0.0659192949533462,0.4256918132305145,0.0822246596217155,0.0682940408587455,0.0756500735878944,0.1291212886571884
dia82_utt8,"I may have to, I hate to do it, but I’m the star!",anger,joy,anger -> joy,0.968177318572998,anger,0.0162814147770404,0.000522227899637,0.0010727057233452,0.968177318572998,0.003940591122955,0.0035906648263335,0.0064151240512728
dia98_utt4,I would!,anger,joy,anger -> joy,0.9438839554786682,anger,0.0161194782704114,0.0015209692064672,0.0022807966452091,0.9438839554786682,0.0139949982985854,0.0054275286383926,0.0167721901088953
dia56_utt5,Vic! Vic!,anger,joy,anger -> joy,0.8886758089065552,anger,0.0359214842319488,0.0022740238346159,0.005231908056885,0.8886758089065552,0.0246163941919803,0.0102301705628633,0.0330502428114414
dia51_utt6,Pizza!! We like Pizza!! Get out!!!,anger,joy,anger -> joy,0.8705875277519226,anger,0.0926787927746772,0.0059337522834539,0.0036162240430712,0.8705875277519226,0.0100961457937955,0.0091235348954796,0.0079640159383416
dia72_utt2,Then do Iceberg!,anger,joy,anger -> joy,0.8701213002204895,anger,0.0453746579587459,0.0039557665586471,0.0027773797046393,0.8701213002204895,0.051075991243124,0.0072642373852431,0.0194306932389736
dia82_utt18,I’m the lead in Mac and C.H.E.E.S.E.!!,anger,joy,anger -> joy,0.8321022987365723,anger,0.1089354082942009,0.0021765471901744,0.0034164052922278,0.8321022987365723,0.0251091010868549,0.0056440643966197,0.0226161796599626
dia85_utt10,That’s the magic story you use when you wanna have sex!,anger,joy,anger -> joy,0.7998157739639282,anger,0.0752680748701095,0.0056035830639302,0.0043423934839665,0.7998157739639282,0.0849175378680229,0.0172160528600215,0.0128365559503436
dia32_utt9,Do them!!,anger,joy,anger -> joy,0.7436512112617493,anger,0.203273668885231,0.003293537069112,0.0052921939641237,0.7436512112617493,0.0173363871872425,0.0099331466481089,0.0172198191285133
dia19_utt5,The woman I love is having a baby today. I've been waiting for this just as much as you have.,anger,joy,anger -> joy,0.7204725742340088,anger,0.0591584779322147,0.0021338111255317,0.0062056398019194,0.7204725742340088,0.0508292987942695,0.1290894299745559,0.032110758125782
dia5_utt11,Good.,anger,joy,anger -> joy,0.7126390933990479,anger,0.0348053537309169,0.0051198443397879,0.0020693477708846,0.7126390933990479,0.232053056359291,0.0102413203567266,0.0030720089562237
dia5_utt12,Good.,anger,joy,anger -> joy,0.7126390933990479,anger,0.0348053537309169,0.0051198443397879,0.0020693477708846,0.7126390933990479,0.232053056359291,0.0102413203567266,0.0030720089562237
dia105_utt3,Jenny’s been giving it out since they moved!,anger,joy,anger -> joy,0.6994452476501465,anger,0.2258637100458145,0.0031937295570969,0.0017249609809368,0.6994452476501465,0.0172703117132186,0.0190054755657911,0.0334965586662292
dia72_utt11,"Yeah, well, y'know maybe you just need to try a little harder!",anger,joy,anger -> joy,0.6576552987098694,anger,0.0872198194265365,0.0071055255830287,0.0082004265859723,0.6576552987098694,0.1917023956775665,0.0447146296501159,0.0034018896985799
dia29_utt0,"Wendy, we had a deal!  Yeah, you promised! Wendy! Wendy! Wendy!",anger,joy,anger -> joy,0.6425237059593201,anger,0.2276106178760528,0.0037849580403417,0.0156715083867311,0.6425237059593201,0.0208430849015712,0.0337407626211643,0.0558254308998584
dia73_utt2,No! Ah-ah-ah-ah-ah! You can have this back when the five pages are done!  Ahh!,anger,joy,anger -> joy,0.6285219192504883,anger,0.1787838488817215,0.013562667183578,0.0306689664721488,0.6285219192504883,0.0600517280399799,0.0438952445983886,0.0445156283676624
dia30_utt17,You’ll see!!,anger,joy,anger -> joy,0.6140946745872498,anger,0.1968780905008316,0.0052201431244611,0.0115429423749446,0.6140946745872498,0.1030793711543083,0.0233755186200141,0.0458092913031578
dia73_utt1,Hey!,anger,joy,anger -> joy,0.53883296251297,anger,0.0369196608662605,0.0023739272728562,0.0025952644646167,0.53883296251297,0.2686784863471985,0.0040637147612869,0.1465359330177307
dia56_utt0,"Joey, onstage!",anger,joy,anger -> joy,0.4968448877334595,anger,0.0290836449712514,0.0028807269409298,0.0026986310258507,0.4968448877334595,0.0178125854581594,0.0065175974741578,0.4441619515419006
dia72_utt13,Right here!,anger,joy,anger -> joy,0.4476431608200073,anger,0.3708561658859253,0.0016533089801669,0.0040235416963696,0.4476431608200073,0.1207762509584426,0.0085731334984302,0.0464744307100772
dia30_utt16,I’m gonna make it on my own!,anger,joy,anger -> joy,0.4468168914318084,anger,0.324309378862381,0.002565388334915,0.0794254317879676,0.4468168914318084,0.1097524166107177,0.0271878112107515,0.0099427374079823
dia49_utt7,Get in here.,anger,neutral,anger -> neutral,0.9885834455490112,anger,0.0022821847815066,0.0006988212116993,0.0008627932402305,0.0061503830365836,0.9885834455490112,0.000983175705187,0.0004392438568174
dia5_utt4,The point is I...,anger,neutral,anger -> neutral,0.9817455410957336,anger,0.0078167179599404,0.0008725593797862,0.0015497476560994,0.0049271965399384,0.9817455410957336,0.0027652967255562,0.0003229172143619
dia25_utt5,Would you relax? I know what I am doing. This is how he wears it.,anger,neutral,anger -> neutral,0.972615659236908,anger,0.0100317299365997,0.0061043947935104,0.0031813755631446,0.0024461103603243,0.972615659236908,0.005343438591808,0.0002772095613181
dia17_utt1,Maybe because you’ve got the keys?,anger,neutral,anger -> neutral,0.9705358147621156,anger,0.0058202887885272,0.0005807424895465,0.002793533494696,0.0064025674946606,0.9705358147621156,0.0095589095726609,0.0043081743642687
dia94_utt11,Gimme the bottle.  Gimme the towel.,anger,neutral,anger -> neutral,0.9700528979301452,anger,0.0041361162438988,0.0022448587696999,0.0021900823339819,0.0072723268531262,0.9700528979301452,0.0139171686023473,0.0001866709353635
dia98_utt0,"All right, I just got changed in thirty seconds so you can be alone with him. You'd better go for it.",anger,neutral,anger -> neutral,0.9696987867355348,anger,0.0098594287410378,0.0083715710788965,0.0021985955536365,0.0065139103680849,0.9696987867355348,0.0031771932262927,0.0001805970532586
dia105_utt11,"We are good, interesting, funny people with",anger,neutral,anger -> neutral,0.9668790698051452,anger,0.0042940978892147,0.000992129324004,0.0007001550402492,0.0239356774836778,0.9668790698051452,0.0027761464007198,0.0004228453326504
dia105_utt10,Y’know what Greg?,anger,neutral,anger -> neutral,0.9637827277183532,anger,0.0163290929049253,0.0009861518628895,0.0018799599492922,0.0140394018962979,0.9637827277183532,0.0022860616445541,0.0006966580403968
dia11_utt4,"Rachel Karen Green, where's the other earring?!",anger,neutral,anger -> neutral,0.958238422870636,anger,0.0060018235817551,0.0015436169924214,0.0024065503384917,0.0044186520390212,0.958238422870636,0.0063553294166922,0.0210355371236801
dia16_utt16,"Yeah, we're better off without them.",anger,neutral,anger -> neutral,0.957629144191742,anger,0.0055338046513497,0.0047891112044453,0.0005365220713429,0.0181444827467203,0.957629144191742,0.0130669185891747,0.0003000107535626
dia22_utt6,"Little louder, okay, I think there's a man on the twelfth floor in a coma that didn't quite hear you...",anger,neutral,anger -> neutral,0.9556741118431092,anger,0.0044528734870254,0.0029432661831378,0.0126564111560583,0.0107329348102211,0.9556741118431092,0.0108194714412093,0.002720974618569
dia95_utt2,"Okay, maybe people give out fake numbers, but they don’t give out fake names.",anger,neutral,anger -> neutral,0.9339510202407836,anger,0.0134777454659342,0.0133303953334689,0.0149266868829727,0.0108936559408903,0.9339510202407836,0.0098279556259512,0.0035925793927162
dia40_utt6,"Okay Joey, first of all Kash Ford is not people. Second of all, what did he say when you told him I was pregnant?",anger,neutral,anger -> neutral,0.92943012714386,anger,0.02329190261662,0.0095802349969744,0.0098866764456033,0.0041326875798404,0.92943012714386,0.0095521304756402,0.0141262114048004
dia94_utt9,"Oh, you've tasted it.",anger,neutral,anger -> neutral,0.9259370565414428,anger,0.0059859459288418,0.002597774611786,0.003045491175726,0.0383667238056659,0.9259370565414428,0.0228290352970361,0.0012380749685689
dia27_utt6,"Phoebe, come on, you have to tell us.",anger,neutral,anger -> neutral,0.9126101732254028,anger,0.0082725128158926,0.000687287247274,0.0132269728928804,0.0370513834059238,0.9126101732254028,0.0248168502002954,0.0033348589204251
dia25_utt3,"Ok, this  is the face of a person who, you know, doesn't trust a person.",anger,neutral,anger -> neutral,0.8939725160598755,anger,0.0234361328184604,0.0381770245730876,0.0043990928679704,0.0037039995659142,0.8939725160598755,0.0353099331259727,0.0010013453429564
dia5_utt8,"Alright, fine, you go ahead and you do that, alright Ross.",anger,neutral,anger -> neutral,0.8107684850692749,anger,0.1201881021261215,0.0242923740297555,0.0050414642319083,0.0305800959467887,0.8107684850692749,0.0087361726909875,0.0003933141124434
dia49_utt2,"Look, Carol never threw me out of a room before you came along.",anger,neutral,anger -> neutral,0.7112182378768921,anger,0.1133468672633171,0.0119169410318136,0.0080911638215184,0.0340073332190513,0.7112182378768921,0.1096265837550163,0.0117928171530365
dia76_utt9,"I know, And then all of the sudden your Mom pops into your head.",anger,neutral,anger -> neutral,0.6980695128440857,anger,0.053364984691143,0.0050809904932975,0.0080281971022486,0.1377943754196167,0.6980695128440857,0.0620682165026664,0.0355937518179416
dia11_utt8,Tell her to wear her own earrings.,anger,neutral,anger -> neutral,0.6883313059806824,anger,0.0477209351956844,0.1131496801972389,0.0027700213249772,0.0472076423466205,0.6883313059806824,0.0985036864876747,0.0023167871404439
dia82_utt3,"Yeah, he doesn’t like me.",anger,sadness,anger -> sadness,0.9139244556427002,anger,0.0297143124043941,0.0080717522650957,0.0104036852717399,0.0051179071888327,0.0302658360451459,0.9139244556427002,0.0025020567700266
dia49_utt0,Please. This is so your fault.,anger,sadness,anger -> sadness,0.8384914994239807,anger,0.0622989833354949,0.0228050909936428,0.0297980364412069,0.0204182155430316,0.024521792307496,0.8384914994239807,0.0016663940623402
dia7_utt7,"I mean she’s a very nice woman, but there is no way we can take eight weeks of her.",anger,sadness,anger -> sadness,0.8342472314834595,anger,0.0225038919597864,0.1009005531668663,0.0065721990540623,0.0130220353603363,0.0220092236995697,0.8342472314834595,0.0007448203978128
dia72_utt12,"Look, maybe I need to try a real teacher!",anger,sadness,anger -> sadness,0.625699520111084,anger,0.2004160284996032,0.046151764690876,0.0212507657706737,0.0544100366532802,0.0447239652276039,0.625699520111084,0.0073478794656693
dia19_utt4,"My son is being born, and I should be in there, you know, instead of stuck in a closet with you.",anger,sadness,anger -> sadness,0.542279839515686,anger,0.316843718290329,0.0180714130401611,0.0094694895669817,0.0455075092613697,0.0645550116896629,0.542279839515686,0.0032730705570429
dia1_utt11,"I-I’m sorry, but the moment I touch him, I just wanna throw out my old oath and take a new, dirty one.",anger,sadness,anger -> sadness,0.5186775922775269,anger,0.1143913939595222,0.2505759298801422,0.0789207816123962,0.0221021678298711,0.013973070308566,0.5186775922775269,0.0013590065063908
dia25_utt0,"All right, that's it, I quit.",anger,sadness,anger -> sadness,0.384024977684021,anger,0.2527419328689575,0.0464176312088966,0.0093135274946689,0.1740642488002777,0.1288578510284423,0.384024977684021,0.0045797559432685
dia5_utt6,"It, it's too late, I'm with somebody else, I'm happy.",anger,sadness,anger -> sadness,0.3491154611110687,anger,0.3041009306907654,0.0163018889725208,0.0244132913649082,0.1512006074190139,0.1538960486650467,0.3491154611110687,0.0009717236389406
dia88_utt4,Okay—Oop! Too late! I’m leaving! Come on Chandler let’s go!,anger,sadness,anger -> sadness,0.3281273245811462,anger,0.2587764859199524,0.0762719586491584,0.0661141872406005,0.1456097811460495,0.0649329721927642,0.3281273245811462,0.0601673386991024
dia16_utt11,"That’s all right, we-we don’t need you. In fact, hey I’m over it already.",anger,sadness,anger -> sadness,0.3251071572303772,anger,0.276622474193573,0.0654448866844177,0.0721615180373191,0.0979468375444412,0.1609175652265548,0.3251071572303772,0.0017995802918449
dia90_utt5,"Whoa, whoa. And the fact that you dumped him because he hit on Phoebe?",anger,surprise,anger -> surprise,0.9860954880714417,anger,0.0027814577333629,0.0040572355501353,0.0014033344341441,0.0017501277616247,0.0023269599769264,0.0015853233635425,0.9860954880714417
dia91_utt4,What is the big deal?,anger,surprise,anger -> surprise,0.9734395742416382,anger,0.0049663577228784,0.0029757521115243,0.0024374325294047,0.0049173249863088,0.0086552472785115,0.0026082100812345,0.9734395742416382
dia92_utt8,"Oh my God, Phoebe,",anger,surprise,anger -> surprise,0.9640562534332277,anger,0.004420475102961,0.0037704335991293,0.007224965840578,0.0099801933392882,0.0023824998643249,0.0081651965156197,0.9640562534332277
dia92_utt9,"Wow! Oh my God, well if they’ve ripped off our table ours must be much more than one and fifty dollars!",anger,surprise,anger -> surprise,0.9380462169647216,anger,0.0209125597029924,0.025366123765707,0.0029001799412071,0.0036931303329765,0.0016921052010729,0.007389691658318,0.9380462169647216
dia19_utt13,Who am I?,anger,surprise,anger -> surprise,0.8565396070480347,anger,0.0151127679273486,0.0019235297804698,0.0050603374838829,0.0097175352275371,0.1048049554228782,0.006841255351901,0.8565396070480347
dia42_utt0,Ah! Ah! I forgot my jacket!,anger,surprise,anger -> surprise,0.8365272283554077,anger,0.0089608309790492,0.0023457820061594,0.0085542406886816,0.0398471914231777,0.0793415307998657,0.0244232416152954,0.8365272283554077
dia72_utt10,"Your other student, was you!",anger,surprise,anger -> surprise,0.834851861000061,anger,0.1162068247795105,0.0035681964363902,0.0044824983924627,0.0048247915692627,0.0194021873176097,0.0166636779904365,0.834851861000061
dia10_utt6,Oh what? Like your Mr. Cop!,anger,surprise,anger -> surprise,0.8105561137199402,anger,0.1106081157922744,0.0198522340506315,0.0019101341022178,0.0242114122956991,0.0168232731521129,0.016038766130805,0.8105561137199402
dia49_utt9,"My god, you guys, I don't believe you.",anger,surprise,anger -> surprise,0.810460090637207,anger,0.0332609601318836,0.0981365367770195,0.0180245544761419,0.0146413147449493,0.0044796369038522,0.020996930077672,0.810460090637207
dia108_utt3,Ow!,anger,surprise,anger -> surprise,0.794854462146759,anger,0.0378035753965377,0.0714761614799499,0.006001444067806,0.0466514788568019,0.0143669536337256,0.0288459546864032,0.794854462146759
dia108_utt4,Ow!,anger,surprise,anger -> surprise,0.794854462146759,anger,0.0378035753965377,0.0714761614799499,0.006001444067806,0.0466514788568019,0.0143669536337256,0.0288459546864032,0.794854462146759
dia108_utt5,Ow!,anger,surprise,anger -> surprise,0.794854462146759,anger,0.0378035753965377,0.0714761614799499,0.006001444067806,0.0466514788568019,0.0143669536337256,0.0288459546864032,0.794854462146759
dia108_utt6,Ow!,anger,surprise,anger -> surprise,0.794854462146759,anger,0.0378035753965377,0.0714761614799499,0.006001444067806,0.0466514788568019,0.0143669536337256,0.0288459546864032,0.794854462146759
dia26_utt14,"Oh, so you just sort of happened to leave it in here?",anger,surprise,anger -> surprise,0.7702658772468567,anger,0.0117838755249977,0.0010672567877918,0.0060060718096792,0.0125841470435261,0.1895494908094406,0.008743330836296,0.7702658772468567
dia111_utt0,"So, you still don’t think I’m boyfriend material?",anger,surprise,anger -> surprise,0.7644414901733398,anger,0.0497408993542194,0.0079758372157812,0.0155479675158858,0.0078327823430299,0.0638399422168731,0.0906209871172905,0.7644414901733398
dia95_utt0,I still don't get why Greg and Jenny would give us a fake number.,anger,surprise,anger -> surprise,0.7449536323547363,anger,0.0575621798634529,0.0360405668616294,0.0211742669343948,0.0171058252453804,0.074017509818077,0.049146044999361,0.7449536323547363
dia74_utt19,"I’m pregnant.  Ross?  Ross?  Okay, whenever you’re ready.  And you’re the father by the way—but you got that",anger,surprise,anger -> surprise,0.7378566861152649,anger,0.0251145884394645,0.0010205607395619,0.0141991535201668,0.0651823207736015,0.1392931491136551,0.0173334814608097,0.7378566861152649
dia49_utt3,"Yeah? Well, there's a lot of things Carol never did before I came along.",anger,surprise,anger -> surprise,0.6656275391578674,anger,0.019352538511157,0.0044644535519182,0.0082801710814237,0.0285331197082996,0.2136151641607284,0.06012699380517,0.6656275391578674
dia78_utt8,I was talking to myself! You’re going down!,anger,surprise,anger -> surprise,0.6383774876594543,anger,0.1301889568567276,0.0113483797758817,0.0065320706926286,0.1720617711544037,0.0179490260779857,0.0235422607511281,0.6383774876594543
dia72_utt0,"Tiger!  Dragon! Iceberg!!  Joseph, did you even study at all last night?",anger,surprise,anger -> surprise,0.5038588643074036,anger,0.195352092385292,0.0079071167856454,0.0077058388851583,0.2485173642635345,0.0146208945661783,0.0220378078520298,0.5038588643074036
dia20_utt6,I'm not reading this!,disgust,anger,disgust -> anger,0.9360129833221436,disgust,0.9360129833221436,0.0174491498619318,0.0257853157818317,0.0048225601203739,0.0027019495610147,0.0071470001712441,0.006081108469516
dia91_utt8,No!,disgust,anger,disgust -> anger,0.5352591872215271,disgust,0.5352591872215271,0.1046467870473861,0.0406234413385391,0.1104286685585975,0.0547479204833507,0.0775158628821373,0.0767781063914299
dia76_utt14,"Your Mom, your telling me, your telling me, about your Mom, what is the matter with you?",disgust,anger,disgust -> anger,0.4899564385414123,disgust,0.4899564385414123,0.0747561752796173,0.1072646901011467,0.01031778100878,0.010280542075634,0.1875676363706588,0.1198567673563957
dia7_utt8,She’ll drive us totally crazy.,disgust,anger,disgust -> anger,0.4783653318881988,disgust,0.4783653318881988,0.3765784204006195,0.039200447499752,0.0276463292539119,0.004891418851912,0.0676339566707611,0.0056841345503926
dia98_utt1,"Please, I'm not going for anything.",disgust,fear,disgust -> fear,0.3579891324043274,disgust,0.2527172565460205,0.2244201451539993,0.3579891324043274,0.0127841271460056,0.0186763796955347,0.1309293657541275,0.0024836040101945
dia23_utt6,I’m an idiot.,disgust,joy,disgust -> joy,0.3989641666412353,disgust,0.2434451282024383,0.2385067790746688,0.0072439694777131,0.3989641666412353,0.0187417976558208,0.0827113091945648,0.010386848822236
dia54_utt5,"See, there's always one guy.  ""If I had a wish, I'd wish for three more wishes.""",disgust,neutral,disgust -> neutral,0.9440960884094238,disgust,0.0070058763958513,0.0032412968575954,0.0006590717239305,0.0293162502348423,0.9440960884094238,0.014932014979422,0.0007492951699532
dia94_utt2,That would be no.,disgust,neutral,disgust -> neutral,0.6374686360359192,disgust,0.0674502849578857,0.0903329476714134,0.0161566976457834,0.1122345402836799,0.6374686360359192,0.0622675120830535,0.0140894306823611
dia16_utt9,"It makes him miss the bowl, but whatever.",disgust,neutral,disgust -> neutral,0.6156250834465027,disgust,0.0385421775281429,0.0733137428760528,0.0018840407719835,0.0514511987566947,0.6156250834465027,0.2171217799186706,0.0020619814749807
dia91_utt6,"Ok, would people stop drinking the breast milk?",disgust,neutral,disgust -> neutral,0.4123691618442535,disgust,0.2160320281982422,0.1437318325042724,0.0156589783728122,0.0240023452788591,0.4123691618442535,0.1844836324453354,0.0037219342775642
dia36_utt11,"I’m sorry, I just can’t go to the hospital lookin’ like this.",disgust,sadness,disgust -> sadness,0.9687051773071288,disgust,0.0030379840172827,0.0022142257075756,0.0139123396947979,0.0052824625745415,0.0052902847528457,0.9687051773071288,0.0015576164005324
dia91_utt10,Not even if Carol's breast had a picture of a missing child on it.,disgust,sadness,disgust -> sadness,0.4932965338230133,disgust,0.0231533013284206,0.0215551424771547,0.0099765351042151,0.0070293303579092,0.4429396092891693,0.4932965338230133,0.0020494977943599
dia37_utt7,Oh! Oh!,disgust,surprise,disgust -> surprise,0.9775270223617554,disgust,0.0030414364300668,0.002048346446827,0.0014149354537948,0.0060213897377252,0.0057472283951938,0.0041996226646006,0.9775270223617554
dia109_utt2,Unbelievable! I mean you really kept Joey's underwear?! Why? Why would you do that?!,disgust,surprise,disgust -> surprise,0.9762835502624512,disgust,0.0090808207169175,0.0067338347434997,0.0016903755022212,0.0023641006555408,0.0016968386480584,0.002150512766093,0.9762835502624512
dia40_utt2,"Oh! Oh, I think I’m gonna throw up a little bit. What did you say?",disgust,surprise,disgust -> surprise,0.556207001209259,disgust,0.043890293687582,0.1346907019615173,0.0965612232685089,0.0324477516114711,0.0180876031517982,0.1181154325604438,0.556207001209259
dia30_utt2,No! I won’t leave you!,fear,anger,fear -> anger,0.9185566902160645,fear,0.9185566902160645,0.0064277863129973,0.0433583781123161,0.0122795728966593,0.0031226843129843,0.0139056770130991,0.0023491301108151
dia37_utt1,"Run! Run you crazy, rich freak!",fear,anger,fear -> anger,0.879688024520874,fear,0.879688024520874,0.035278744995594,0.0213712975382804,0.0306340176612138,0.0043798815459012,0.0207053124904632,0.0079427873715758
dia18_utt4,The woman from the museum called and said that there was a cancellation and that we could move up our wedding and Chandler heard!,fear,anger,fear -> anger,0.8696574568748474,fear,0.8696574568748474,0.010635919868946,0.0081353494897484,0.0193217229098081,0.0092071453109383,0.0642134100198745,0.0188290532678365
dia15_utt8,It’s still——It’s got a tail! Get it out of here! Get it out of here!!,fear,anger,fear -> anger,0.7050378322601318,fear,0.7050378322601318,0.041145421564579,0.1146058812737464,0.0340525805950164,0.0164257101714611,0.0363571904599666,0.052375391125679
dia104_utt9,"Nothing! I said, I said ""You're so great"" and then I just, I just stopped talking!",fear,anger,fear -> anger,0.7042820453643799,fear,0.7042820453643799,0.0359669737517833,0.0527193695306777,0.0570114664733409,0.0220554862171411,0.1262197941541671,0.0017448036232963
dia108_utt1,"Oh, okay, I'm having another one!",fear,anger,fear -> anger,0.554865837097168,fear,0.554865837097168,0.0258349124342203,0.0026324158534407,0.0669764578342437,0.0105425678193569,0.0419016107916832,0.2972462177276611
dia37_utt5,No-o-o!!,fear,anger,fear -> anger,0.5520426630973816,fear,0.5520426630973816,0.1570907533168792,0.1243029609322547,0.0950540676712989,0.0152018330991268,0.0317224636673927,0.0245852004736661
dia11_utt7,"Well, what am I going to tell Monica? She wants to wear them tonight!",fear,anger,fear -> anger,0.5181627869606018,fear,0.5181627869606018,0.0133174424991011,0.0222966503351926,0.18201844394207,0.0209619961678981,0.1425723433494568,0.1006703227758407
dia104_utt11,No I didn't!,fear,anger,fear -> anger,0.4943970143795013,fear,0.4943970143795013,0.0093060871586203,0.0247566308826208,0.1844338774681091,0.065139427781105,0.0645199939608573,0.1574469059705734
dia104_utt13,No I didn't!,fear,anger,fear -> anger,0.4943970143795013,fear,0.4943970143795013,0.0093060871586203,0.0247566308826208,0.1844338774681091,0.065139427781105,0.0645199939608573,0.1574469059705734
dia30_utt1,You’ve got to get out of here! Save yourself!,fear,anger,fear -> anger,0.4297173023223877,fear,0.4297173023223877,0.0540051609277725,0.2176411896944046,0.0830647721886634,0.0528531819581985,0.0836206302046775,0.0790977105498313
dia89_utt2,Stop the bus! Wait! Wait! Wait!,fear,anger,fear -> anger,0.3225843012332916,fear,0.3225843012332916,0.0451789200305938,0.1473250389099121,0.1659871786832809,0.075921855866909,0.0878236442804336,0.1551790088415146
dia92_utt6,Noooooo!!,fear,anger,fear -> anger,0.289362370967865,fear,0.289362370967865,0.2222487330436706,0.0869216918945312,0.1269875168800354,0.0393476597964763,0.0635758191347122,0.17155621945858
dia10_utt2,"Sur-surprise him? We're not, we're not gonna make anybody mad are we?",fear,anger,fear -> anger,0.2760007679462433,fear,0.2760007679462433,0.0072237187996506,0.1769766807556152,0.232718288898468,0.0243196804076433,0.0579211227595806,0.2248397767543792
dia108_utt12,"That was Alice's mom, she said she left five hours ago. She should be here by now!",fear,anger,fear -> anger,0.2665800452232361,fear,0.2665800452232361,0.006219811271876,0.0260135419666767,0.0900437608361244,0.2049642503261566,0.1726012229919433,0.2335773110389709
dia48_utt3,"Oh God, oh God, it’s sowed on though.",fear,disgust,fear -> disgust,0.4083849489688873,fear,0.1599087119102478,0.4083849489688873,0.0441415160894393,0.0208106245845556,0.0162492282688617,0.3191249370574951,0.0313800498843193
dia18_utt6,How bad is this?,fear,disgust,fear -> disgust,0.3556607365608215,fear,0.2340445220470428,0.3556607365608215,0.013064389117062,0.0256039574742317,0.1432428210973739,0.0571896210312843,0.1711939424276352
dia15_utt9,Ooh! Ah! Okay!,fear,joy,fear -> joy,0.7638120651245117,fear,0.0201283358037471,0.0019759328570216,0.0031061579938977,0.7638120651245117,0.0422085970640182,0.0059714261442422,0.1627975404262542
dia89_utt0,Ben!,fear,joy,fear -> joy,0.645684540271759,fear,0.1424778401851654,0.0033846953883767,0.0048136413097381,0.645684540271759,0.0604738667607307,0.0172783937305212,0.1258870959281921
dia37_utt6,"Uh-oh, Bruiser has Becker on the canvas and is going for his favourite area.",fear,neutral,fear -> neutral,0.8680151700973511,fear,0.0061003249138593,0.0029343771748244,0.0824018418788909,0.0172529127448797,0.8680151700973511,0.0183438882231712,0.0049515329301357
dia36_utt0,Easy. Easy. You have to go to the hospital. Okay?,fear,neutral,fear -> neutral,0.853757917881012,fear,0.0195907354354858,0.0029987287707626,0.052767414599657,0.0255939420312643,0.853757917881012,0.0415698811411857,0.0037213217001408
dia65_utt9,"Well, I, umm",fear,neutral,fear -> neutral,0.8263751268386841,fear,0.0069766878150403,0.001767421956174,0.0529839098453521,0.0206446796655654,0.8263751268386841,0.0805581510066986,0.0106941042467951
dia15_utt6,It’s moving.,fear,neutral,fear -> neutral,0.6263035535812378,fear,0.0416269190609455,0.0110131697729229,0.0064471950754523,0.069608025252819,0.6263035535812378,0.2187527269124984,0.0262485332787036
dia90_utt2,"I don't know, I just kinda ran into him last night.",fear,neutral,fear -> neutral,0.5857222676277161,fear,0.0117796687409281,0.0044381911866366,0.018281165510416,0.2165802866220474,0.5857222676277161,0.0571371242403984,0.1060612872242927
dia34_utt6,"You know, I, you know, can't do this.",fear,sadness,fear -> sadness,0.819421112537384,fear,0.0113150654360651,0.002419980475679,0.138925701379776,0.0144856655970215,0.0062516396865248,0.819421112537384,0.0071808882057666
dia18_utt7,"Well for the regular guy, it’s bad, but Chandler, Oh dear God!",fear,sadness,fear -> sadness,0.7738965153694153,fear,0.0421357750892639,0.0797768086194992,0.0298608634620904,0.0255429446697235,0.0134926242753863,0.7738965153694153,0.0352944917976856
dia11_utt5,"Okay, okay, okay, look, just don't freak out, but I kinda lost it.",fear,sadness,fear -> sadness,0.6485647559165955,fear,0.1931298375129699,0.0711540803313255,0.0396791659295558,0.021682646125555,0.0246679205447435,0.6485647559165955,0.0011215584818273
dia68_utt7,"Come on guys, I-I really want this guy to like me.",fear,sadness,fear -> sadness,0.5210226774215698,fear,0.0514250248670578,0.0065124481916427,0.2676772177219391,0.0921908542513847,0.0472973771393299,0.5210226774215698,0.0138744581490755
dia37_utt2,"Oh, I can’t watch this.",fear,sadness,fear -> sadness,0.4491766691207886,fear,0.0453754663467407,0.0361417196691036,0.422764241695404,0.0182093475013971,0.0130523601546883,0.4491766691207886,0.0152801852673292
dia78_utt7,Really? You think so?,fear,surprise,fear -> surprise,0.981916606426239,fear,0.0049645928665995,0.0016521258512511,0.0011778768384829,0.0033196969889104,0.0050177704542875,0.0019513111328706,0.981916606426239
dia36_utt10,"What?! I wh-, what’s wrong?",fear,surprise,fear -> surprise,0.7665917873382568,fear,0.0402153022587299,0.0315974727272987,0.0891709700226783,0.014825839549303,0.016212061047554,0.0413864962756633,0.7665917873382568
dia45_utt11,My lighter’s in there!,fear,surprise,fear -> surprise,0.7265259623527527,fear,0.1161786466836929,0.0025716428644955,0.0037778900004923,0.0910904109477996,0.0405345857143402,0.019320910796523,0.7265259623527527
dia18_utt5,I know!,fear,surprise,fear -> surprise,0.6142534017562866,fear,0.0903050675988197,0.0054897097870707,0.0066693932749331,0.2338349372148513,0.0266335494816303,0.0228140000253915,0.6142534017562866
dia18_utt8,I know! I know! And he totally freaked out and I can’t find him anywhere!,fear,surprise,fear -> surprise,0.4574211537837982,fear,0.2877613306045532,0.0157072097063064,0.0412659458816051,0.070527471601963,0.0107614872977137,0.116555318236351,0.4574211537837982
dia85_utt9,You used the Europe story!,joy,anger,joy -> anger,0.854957103729248,joy,0.854957103729248,0.0171439573168754,0.0024403317365795,0.0111771775409579,0.0114598022773861,0.0481708161532878,0.0546509400010108
dia79_utt4,"Ok, trying to turn me on by making a mess?",joy,anger,joy -> anger,0.8076155781745911,joy,0.8076155781745911,0.0446238368749618,0.0106824319809675,0.0054402723908424,0.0586382783949375,0.0494232773780822,0.0235762614756822
dia78_utt4,"I am not horsing around, okay? I am Porsching around.",joy,anger,joy -> anger,0.7652258276939392,joy,0.7652258276939392,0.0721182003617286,0.0127470567822456,0.0119879823178052,0.1232236251235008,0.0115951029583811,0.0031021984759718
dia85_utt4,"Okay, get ready to see some beggin’!",joy,anger,joy -> anger,0.6756349802017212,joy,0.6756349802017212,0.1347479224205017,0.0060506081208586,0.1345734894275665,0.0189513862133026,0.0202401895076036,0.0098014809191226
dia13_utt16,"Okay, keep saying it!",joy,anger,joy -> anger,0.6271084547042847,joy,0.6271084547042847,0.0119733866304159,0.0100374436005949,0.2857208847999573,0.0458675697445869,0.0146356495097279,0.0046565998345613
dia87_utt4,"Stop it, stop it! He talks slow but he might pee fast! Ok,    let's go!!",joy,anger,joy -> anger,0.6120272874832153,joy,0.6120272874832153,0.0883007869124412,0.1283934563398361,0.0784007161855697,0.023607725277543,0.0469006821513175,0.0223693288862705
dia31_utt6,But you didn't!,joy,anger,joy -> anger,0.5206272006034851,joy,0.5206272006034851,0.0074221179820597,0.0077234841883182,0.0336335077881813,0.0205564461648464,0.0460617765784263,0.3639754354953766
dia30_utt9,"No, I mean I was really acting my ass off.",joy,anger,joy -> anger,0.4377794563770294,joy,0.4377794563770294,0.2059084922075271,0.0103393988683819,0.1317968368530273,0.0553110912442207,0.1555463075637817,0.0033184594940394
dia97_utt20,I need to talk to you!,joy,anger,joy -> anger,0.4194527864456177,joy,0.4194527864456177,0.0247595887631177,0.0878122448921203,0.195756047964096,0.0971870347857475,0.0343655832111835,0.140666663646698
dia77_utt3,"Oh what are you kidding? She’s gorgeous, it’s all Rachel.",joy,anger,joy -> anger,0.3890560865402221,joy,0.3890560865402221,0.0986966118216514,0.0092709837481379,0.1849194467067718,0.0593053139746189,0.0805390179157257,0.1782125979661941
dia79_utt5,Know your audience!,joy,anger,joy -> anger,0.3620447814464569,joy,0.3620447814464569,0.0128476340323686,0.0203708223998546,0.2614425718784332,0.3278418779373169,0.007275064010173,0.0081772115081548
dia83_utt2,I’m not crazy about babies. I’m crazy about us.,joy,anger,joy -> anger,0.2852601706981659,joy,0.2852601706981659,0.0095446081832051,0.0411096364259719,0.2764340043067932,0.2508806884288788,0.1321281790733337,0.0046427892521023
dia65_utt10,"Kidding! God, I feel wild today!",joy,disgust,joy -> disgust,0.4296174943447113,joy,0.2765409052371979,0.4296174943447113,0.0089439712464809,0.1023982390761375,0.0128608001396059,0.1605410128831863,0.0090976515784859
dia96_utt3,"Relax, it’s not like we’re forking.",joy,neutral,joy -> neutral,0.9872609376907348,joy,0.0017071363981813,0.0014522760175168,0.0013511963188648,0.0056935083121061,0.9872609376907348,0.0018000218551605,0.000735041568987
dia53_utt8,"Uh, yeah, okay. Except I sorta felt like I needed a couple of seconds to get ready.",joy,neutral,joy -> neutral,0.9773757457733154,joy,0.0033707662951201,0.001171555253677,0.0057781706564128,0.0054259905591607,0.9773757457733154,0.0064962925389409,0.0003813698131125
dia57_utt12,But then I realized where would a mouse or a opossum get the money to make the phone call.,joy,neutral,joy -> neutral,0.9734540581703186,joy,0.0026762099005281,0.0078435521572828,0.0009231889271177,0.0057707699015736,0.9734540581703186,0.007943152450025,0.0013890509726479
dia13_utt20,Yeah.,joy,neutral,joy -> neutral,0.9724534153938292,joy,0.0023412916343659,0.0018447745824232,0.0012167340610176,0.010442154482007,0.9724534153938292,0.0106943054124712,0.0010072914883494
dia74_utt17,"Okay, y’know what? Can I, can I talk now?",joy,neutral,joy -> neutral,0.9720948338508606,joy,0.0084827160462737,0.0006337530212476,0.0049566216766834,0.0085762683302164,0.9720948338508606,0.0031230717431753,0.0021327245049178
dia16_utt3,We’re gonna give it another try.,joy,neutral,joy -> neutral,0.9615285992622375,joy,0.0019937939941883,0.0009362279670313,0.0020216547418385,0.0300838537514209,0.9615285992622375,0.0030627739615738,0.0003731759788934
dia76_utt4,"Okay, you know, you know when your in bed, with a woman.",joy,neutral,joy -> neutral,0.958714723587036,joy,0.0078118313103914,0.0085395732894539,0.0047708204947412,0.0165595430880785,0.958714723587036,0.0026844171807169,0.0009191257413476
dia76_utt7,"And you get all these like, mental images in your brain, you know, like Elle MacPherson, or that girl at the Xerox place....",joy,neutral,joy -> neutral,0.9561713337898254,joy,0.0043245493434369,0.0097323665395379,0.0047871437855064,0.0091584250330924,0.9561713337898254,0.0150967659428715,0.000729335588403
dia29_utt10,Done.,joy,neutral,joy -> neutral,0.9511498212814332,joy,0.0038540451787412,0.0014768057735636,0.0009751869365572,0.0376264005899429,0.9511498212814332,0.0044888723641633,0.0004287231131456
dia90_utt0,"Ok, Paulo, why don't you just go get dressed, and then you be on your way, ok, bye-bye.",joy,neutral,joy -> neutral,0.950325071811676,joy,0.0088670263066887,0.0074885101057589,0.0018393994541838,0.023096838966012,0.950325071811676,0.0081278393045067,0.0002552958030719
dia97_utt5,"So, I’m here, ready to play.",joy,neutral,joy -> neutral,0.9434469938278198,joy,0.0031598589848726,0.000774260784965,0.0021010932978242,0.0465533323585987,0.9434469938278198,0.0034168828278779,0.0005474984645843
dia94_utt5,Cantaloupe juice.,joy,neutral,joy -> neutral,0.9393245577812196,joy,0.005451064556837,0.0167407672852277,0.0029145325534045,0.0145960431545972,0.9393245577812196,0.0193677004426717,0.0016052700811997
dia53_utt2,But only in the moment. So do ya wanna kiss again?,joy,neutral,joy -> neutral,0.9099076390266418,joy,0.0016991184093058,0.0007793012773618,0.002601116662845,0.0765541791915893,0.9099076390266418,0.0074668857268989,0.0009917827555909
dia110_utt8,"Yes! That I know, this is from White Plains.",joy,neutral,joy -> neutral,0.9017630219459534,joy,0.0138207888230681,0.0025785234756767,0.0032377743627876,0.034951277077198,0.9017630219459534,0.02507278136909,0.0185758527368307
dia105_utt8,"Okay umm, the week after that?",joy,neutral,joy -> neutral,0.8963887095451355,joy,0.0400164164602756,0.0047260248102247,0.0084585445001721,0.0203534141182899,0.8963887095451355,0.0189846605062484,0.011072227731347
dia13_utt18,"No-no ah, everything's okay. Everybody's healthy there's 30 fingers and 30 toes.",joy,neutral,joy -> neutral,0.8722853064537048,joy,0.0128559367731213,0.0055688899010419,0.0059434557333588,0.0779494494199752,0.8722853064537048,0.0231665819883346,0.0022304053418338
dia39_utt1,"We could, or we can have sex in it.",joy,neutral,joy -> neutral,0.8642734885215759,joy,0.017776969820261,0.0100537678226828,0.0035732632968574,0.0883771404623985,0.8642734885215759,0.0140128647908568,0.0019324772292748
dia81_utt0,You wanted to see me Professor Geller?,joy,neutral,joy -> neutral,0.8590567111968994,joy,0.0261365789920091,0.0010874277213588,0.0051549128256738,0.0116140563040971,0.8590567111968994,0.0197891779243946,0.0771611407399177
dia110_utt6,I bet it has a great story behind it too.,joy,neutral,joy -> neutral,0.8540695309638977,joy,0.0031305877491831,0.000712226727046,0.0012904030736535,0.1353352069854736,0.8540695309638977,0.004863191395998,0.0005988488555885
dia74_utt2,"Hi.  Umm, I think there’s something that we really need to talk about.",joy,neutral,joy -> neutral,0.848473310470581,joy,0.0081684542819857,0.0021297980565577,0.0615503974258899,0.051700547337532,0.848473310470581,0.0263169258832931,0.0016605037963017
dia103_utt4,So I’m screwed.,joy,sadness,joy -> sadness,0.7057145237922668,joy,0.1502390950918197,0.0504433810710907,0.0174030531197786,0.0515073388814926,0.0225074216723442,0.7057145237922668,0.0021850739140063
dia98_utt3,Would you please go?,joy,sadness,joy -> sadness,0.5502974390983582,joy,0.0745560824871063,0.0371183604001998,0.0465451441705226,0.0254349298775196,0.2628531455993652,0.5502974390983582,0.003194824559614
dia64_utt1,"Well actually, I-I didn’t eat mine. It’s still in the bathroom.",joy,sadness,joy -> sadness,0.5416477918624878,joy,0.0242530032992362,0.1035623401403427,0.0092313392087817,0.0216437727212905,0.2919293045997619,0.5416477918624878,0.0077324458397924
dia109_utt1,But sadly I could not be enticed.,joy,sadness,joy -> sadness,0.4075039029121399,joy,0.0125450268387794,0.0026210790965706,0.0191641114652156,0.1666726619005203,0.3864180743694305,0.4075039029121399,0.0050751981325447
dia19_utt19,And here's this little baby who has like three whole parents who care about it so much that they're fighting over who gets to love it the most.,joy,sadness,joy -> sadness,0.3516281247138977,joy,0.1900047212839126,0.0521671660244464,0.0034437086433172,0.1483771502971649,0.198574885725975,0.3516281247138977,0.0558042041957378
dia48_utt2,"Because he’ll know what to do?  Oh my God, you’re a genius!",joy,surprise,joy -> surprise,0.9764560461044312,joy,0.0058547677472233,0.0025134389288723,0.0012605197262018,0.0114404382184147,0.000724391429685,0.0017503685085102,0.9764560461044312
dia69_utt4,Y-You're going?,joy,surprise,joy -> surprise,0.9594138264656068,joy,0.003959939815104,0.0010004993528127,0.0050726612098515,0.0058584590442478,0.0217588413506746,0.0029357958119362,0.9594138264656068
dia76_utt8,"With the belly-button ring? Oh, muhawa!",joy,surprise,joy -> surprise,0.9587178826332092,joy,0.008000599220395,0.0021874257363379,0.001057744724676,0.0178895853459835,0.0070594642311334,0.0050873146392405,0.9587178826332092
dia53_utt0,"Really? In the moment, I really wanted to kiss you too. In the moment.",joy,surprise,joy -> surprise,0.9338383078575134,joy,0.006327714305371,0.001309749437496,0.0061838859692215,0.031615924090147,0.0075805513188242,0.0131439538672566,0.9338383078575134
dia97_utt0,"Look at it! Ohhh! Wallpaper’s a little faded, that’s okay. Carpet’s a little loose. Hardwood floors!!",joy,surprise,joy -> surprise,0.8741979598999023,joy,0.0189825352281332,0.0063329613767564,0.0015145649667829,0.0847507119178772,0.0049653234891593,0.0092559838667511,0.8741979598999023
dia70_utt3,He's open!,joy,surprise,joy -> surprise,0.8661141395568848,joy,0.028128458186984,0.0008320191409438,0.0020327474921941,0.0830931439995765,0.0160224363207817,0.0037770913913846,0.8661141395568848
dia1_utt1,You’re a genius!,joy,surprise,joy -> surprise,0.7371684312820435,joy,0.0380813553929328,0.0047863814979791,0.001932670827955,0.2098398804664611,0.0039052157662808,0.0042860601097345,0.7371684312820435
dia31_utt12,Did you hear that? Kori Weston had a crush on me!!,joy,surprise,joy -> surprise,0.719029426574707,joy,0.1128083691000938,0.0080807153135538,0.0079523678869009,0.1317772567272186,0.0030918018892407,0.017259968444705,0.719029426574707
dia28_utt7,"Oh no, I know! I know! It's the one where Joey got Monica's turkey stuck on his head!",joy,surprise,joy -> surprise,0.6803550720214844,joy,0.0801912397146225,0.0151227619498968,0.0072200703434646,0.1438678503036499,0.0252010449767112,0.0480419546365737,0.6803550720214844
dia31_utt8,"Kori, I know this is a big surprise for you.",joy,surprise,joy -> surprise,0.6305211186408997,joy,0.0150617267936468,0.0017463428666815,0.014880440197885,0.1315007209777832,0.1625024825334549,0.0437871925532817,0.6305211186408997
dia76_utt0,I know!,joy,surprise,joy -> surprise,0.6142534017562866,joy,0.0903050675988197,0.0054897097870707,0.0066693932749331,0.2338349372148513,0.0266335494816303,0.0228140000253915,0.6142534017562866
dia97_utt4,I know!!!,joy,surprise,joy -> surprise,0.5841360092163086,joy,0.0968165546655654,0.0062381173484027,0.005623962264508,0.2682829201221466,0.0202942639589309,0.0186082180589437,0.5841360092163086
dia15_utt1,I know! I found it on the street.,joy,surprise,joy -> surprise,0.546446681022644,joy,0.0662050917744636,0.0016342403832823,0.0068772560916841,0.314416766166687,0.0473725907504558,0.0170473642647266,0.546446681022644
dia8_utt7,"No! No you should! A lot of major actors do nude scenes! I mean, the chance to star in a movie? Come on!",joy,surprise,joy -> surprise,0.5314061641693115,joy,0.1135447844862937,0.0169684253633022,0.0027866747695952,0.2977807819843292,0.0178181082010269,0.0196950212121009,0.5314061641693115
dia105_utt9,The week after that?,joy,surprise,joy -> surprise,0.4847821891307831,joy,0.0753740817308425,0.0057325754314661,0.0066722044721245,0.0148049220442771,0.3650847375392914,0.0475491993129253,0.4847821891307831
dia31_utt7,I'm still alive!!,joy,surprise,joy -> surprise,0.3448205888271332,joy,0.2391055971384048,0.0030113770626485,0.0100112166255712,0.3337087035179138,0.0451248362660408,0.0242177117615938,0.3448205888271332
dia104_utt2,"Wait, wait, wait!",joy,surprise,joy -> surprise,0.2959026098251343,joy,0.1520826965570449,0.025586612522602,0.1363075971603393,0.1744277030229568,0.0998726934194564,0.1158201172947883,0.2959026098251343
dia94_utt10,"You can keep saying it, but it won't stop being true.",neutral,anger,neutral -> anger,0.6639567017555237,neutral,0.6639567017555237,0.012774278409779,0.0139276944100856,0.1081184148788452,0.1821543723344802,0.0180837828665971,0.0009847605833783
dia13_utt17,Am I too late?!,neutral,anger,neutral -> anger,0.6176018714904785,neutral,0.6176018714904785,0.0155402924865484,0.068778358399868,0.0409298129379749,0.0569291487336158,0.1117311492562294,0.0884893462061882
dia66_utt6,"Look—Okay, I’m just gonna—I’m gonna have to go find him and bring him back!",neutral,anger,neutral -> anger,0.5918062925338745,neutral,0.5918062925338745,0.0068018529564142,0.1029862761497497,0.0953966304659843,0.1175395250320434,0.0822341293096542,0.0032353259157389
dia59_utt3,"When the revolution comes, I will have to destroy you all.",neutral,anger,neutral -> anger,0.5855695009231567,neutral,0.5855695009231567,0.024154394865036,0.0874054059386253,0.2011683285236358,0.0486785732209682,0.0482309497892856,0.0047928574495017
dia88_utt5,"Well, Phoebe I thought I’d——Yeah, what the hell.",neutral,anger,neutral -> anger,0.5534695386886597,neutral,0.5534695386886597,0.0460995472967624,0.0391765907406806,0.0901839137077331,0.1910014599561691,0.068257637321949,0.0118112908676266
dia8_utt2,It’s not like it’s porn!,neutral,anger,neutral -> anger,0.498884379863739,neutral,0.498884379863739,0.0279660150408744,0.0211815387010574,0.1183688193559646,0.1440317779779434,0.0683155208826065,0.1212519854307174
dia85_utt13,I heard it from my friend Irene who heard it from some guy!,neutral,anger,neutral -> anger,0.4985549747943878,neutral,0.4985549747943878,0.0049113035202026,0.0167988035827875,0.1806129962205886,0.0806144326925277,0.0528801195323467,0.1656274050474167
dia49_utt14,"Ok, who wants to hear something ironic?",neutral,anger,neutral -> anger,0.4724690020084381,neutral,0.4724690020084381,0.0613539740443229,0.0014488032320514,0.1081816181540489,0.3048979938030243,0.0400193370878696,0.0116292554885149
dia86_utt1,Mom already called this morning to remind me not to wear my hair up. Did you know my ears are not my best feature?,neutral,anger,neutral -> anger,0.3238885700702667,neutral,0.3238885700702667,0.0734921172261238,0.0238470546901226,0.0354862548410892,0.2344030141830444,0.2634882032871246,0.0453947633504867
dia75_utt0,We should defiantly play football more often. Maybe there’s a like league we could join or something.,neutral,anger,neutral -> anger,0.3102208971977234,neutral,0.3102208971977234,0.1968823671340942,0.0048577287234365,0.2055530250072479,0.187299832701683,0.0935484766960144,0.0016376350540667
dia69_utt8,"Ah, what good are you.",neutral,anger,neutral -> anger,0.2744466066360473,neutral,0.2744466066360473,0.1334197223186493,0.0048664431087672,0.2115992307662964,0.2353623360395431,0.1343435198068618,0.0059620984829962
dia47_utt10,Sooo!! Anyway...,neutral,anger,neutral -> anger,0.2620939910411834,neutral,0.2620939910411834,0.1349138766527176,0.0089803384616971,0.2332092672586441,0.0367681980133056,0.2073537409305572,0.1166806071996688
dia72_utt17,"""Baddest man in the whole damn town.""",neutral,disgust,neutral -> disgust,0.6425855159759521,neutral,0.288406103849411,0.6425855159759521,0.0021032015793025,0.0251642391085624,0.0057837576605379,0.033583864569664,0.0023733607959002
dia1_utt6,"Ohh, you guys, remember that cute client I told you about? I bit him.",neutral,disgust,neutral -> disgust,0.4264387488365173,neutral,0.1250445395708084,0.4264387488365173,0.027493230998516,0.0636085420846939,0.0403132177889347,0.2770598530769348,0.040041908621788
dia18_utt9,What are you gonna do?,neutral,fear,neutral -> fear,0.7745410799980164,neutral,0.0365383550524711,0.0105142565444111,0.7745410799980164,0.0190531201660633,0.0242807585746049,0.0305758509784936,0.1044965460896492
dia46_utt7,"Joey, you can’t keep this to yourself, if you know about this, you have to tell him.",neutral,fear,neutral -> fear,0.6894059777259827,neutral,0.1253017485141754,0.0131953293457627,0.6894059777259827,0.0263473857194185,0.0746506005525589,0.0603214986622333,0.0107773840427398
dia66_utt8,"You-you make sure Monica does not find out, okay?",neutral,fear,neutral -> fear,0.6522960066795349,neutral,0.0601121000945568,0.0043196030892431,0.6522960066795349,0.0441668592393398,0.2064103931188583,0.0270323529839515,0.005662812385708
dia77_utt17,"I know. I know. I know. I know, and if you try to make it more you might wreck it.",neutral,fear,neutral -> fear,0.5576314330101013,neutral,0.1520796418190002,0.0355545803904533,0.5576314330101013,0.0826771184802055,0.067064993083477,0.1017239466309547,0.0032682693563401
dia78_utt2,"Oh Ross you’re so tense! You just gotta relax, okay? Just need to relax all right? Just need to relax",neutral,fear,neutral -> fear,0.4534599781036377,neutral,0.0704675614833831,0.0197913143783807,0.4534599781036377,0.1111018881201744,0.2081127911806106,0.1254931986331939,0.0115732606500387
dia89_utt3,Are you sure he didn't break it because it really hurts?,neutral,fear,neutral -> fear,0.4223363995552063,neutral,0.0600473284721374,0.0423772074282169,0.4223363995552063,0.0222713910043239,0.0284054894000291,0.2738743424415588,0.1506878733634948
dia11_utt1,Here you go. Thank you!,neutral,joy,neutral -> joy,0.9479494094848632,neutral,0.0056765195913612,0.000551619043108,0.0004831169790122,0.9479494094848632,0.0424048267304897,0.0015551365213468,0.0013793639373034
dia8_utt10,Plus it sounds really great.,neutral,joy,neutral -> joy,0.9412952661514282,neutral,0.0024901197757571,0.0005310852429829,0.0009045305778272,0.9412952661514282,0.0520792864263057,0.0013055123854428,0.0013941788347437
dia99_utt8,"Well, the movie was great, dinner was great, and there’s nothing like a cool, crisp New York evening.",neutral,joy,neutral -> joy,0.9358870387077332,neutral,0.0039491998031735,0.0006457138806581,0.0005012538167648,0.9358870387077332,0.0563090443611145,0.001698357053101,0.0010093741584569
dia89_utt10,Celebrate.,neutral,joy,neutral -> joy,0.8569770455360413,neutral,0.0332171991467475,0.0023944398853927,0.0018902481533586,0.8569770455360413,0.0651992931962013,0.0104677462950348,0.0298540107905864
dia8_utt13,So we go into this barn and undress each other and hold each other.,neutral,joy,neutral -> joy,0.8460770845413208,neutral,0.010288399644196,0.0065368106588721,0.0019260534318163,0.8460770845413208,0.1094258427619934,0.0230241101235151,0.0027216640301048
dia21_utt4,"Danielle! Hi! Uh- everybody, this is Danielle, Danielle, everybody.",neutral,joy,neutral -> joy,0.8045476675033569,neutral,0.011722314171493,0.0008726550149731,0.0045137745328247,0.8045476675033569,0.0987121164798736,0.0080182114616036,0.0716132745146751
dia80_utt0,"Oh, hi Max! Hey, do you know everybody?",neutral,joy,neutral -> joy,0.78892982006073,neutral,0.0166683513671159,0.0011821781517937,0.0015440478455275,0.78892982006073,0.1002451553940773,0.0047769024968147,0.0866535827517509
dia12_utt1,Yeah!,neutral,joy,neutral -> joy,0.7784497737884521,neutral,0.0460505150258541,0.003844553604722,0.0031906573567539,0.7784497737884521,0.1154786348342895,0.0118072349578142,0.0411786921322345
dia63_utt15,"Well, that would’ve been very hard to say no too.",neutral,joy,neutral -> joy,0.763726532459259,neutral,0.0116364182904362,0.0027927868068218,0.0014049899764358,0.763726532459259,0.2003790587186813,0.0181484222412109,0.0019117678748443
dia81_utt1,"Yes. Yes! Please, come in.",neutral,joy,neutral -> joy,0.7586275339126587,neutral,0.0245709177106618,0.003518295707181,0.0076640034094452,0.7586275339126587,0.1588648408651352,0.0174675285816192,0.0292869322001934
dia62_utt5,"Oh, me too.",neutral,joy,neutral -> joy,0.7572392225265503,neutral,0.0128009710460901,0.005637330468744,0.0040232967585325,0.7572392225265503,0.1324886977672577,0.076201394200325,0.0116091230884194
dia72_utt15,"Andy Cooper, he teaches guitar and look ooh, there's a nice picture of him with a little kid and",neutral,joy,neutral -> joy,0.7542353868484497,neutral,0.0142268296331167,0.0105029456317424,0.002235346706584,0.7542353868484497,0.0569441094994545,0.0190676916390657,0.1427876949310302
dia113_utt0,"Rachel, it’s going to happen. Chandler is gonna move in here.",neutral,joy,neutral -> joy,0.738762617111206,neutral,0.0153497587889432,0.0005380260408855,0.0045474120415747,0.738762617111206,0.2138553112745285,0.0172314457595348,0.0097154956310987
dia16_utt0,"Well, I went over to Kyle’s last night to pick up a few things and we got to reminiscing",neutral,joy,neutral -> joy,0.6962528228759766,neutral,0.0058522769249975,0.0007666439050808,0.0005151924560777,0.6962528228759766,0.2897031307220459,0.0037621017545461,0.0031478099990636
dia53_utt3,"Sure, New Year’s Eve is only two weeks away. Can you wait?",neutral,joy,neutral -> joy,0.6274027228355408,neutral,0.0438606292009353,0.0049773817881941,0.0024552275426685,0.6274027228355408,0.2877331972122192,0.0244822297245264,0.0090885674580931
dia89_utt9,Which we can celebrate later.,neutral,joy,neutral -> joy,0.5342455506324768,neutral,0.015849707648158,0.0018088259967043,0.000505028059706,0.5342455506324768,0.4371145665645599,0.0083223413676023,0.0021540713496506
dia57_utt0,Nooo Way! The most romantic song ever is,neutral,joy,neutral -> joy,0.5255973935127258,neutral,0.2012353837490081,0.0539323054254055,0.0058211232535541,0.5255973935127258,0.0650275498628616,0.0807429924607276,0.0676432996988296
dia56_utt15,"So you tell your great-great-granddaughter to look me up, because Adrienne, baby, I’m gonna want to meet her.",neutral,joy,neutral -> joy,0.5205273628234863,neutral,0.0344006530940532,0.0071296738460659,0.0142563497647643,0.5205273628234863,0.3815767765045166,0.0380061492323875,0.0041030026040971
dia6_utt2,All in good time my love.,neutral,joy,neutral -> joy,0.5151450634002686,neutral,0.0168727189302444,0.0048119481652975,0.0049890065565705,0.5151450634002686,0.4121452271938324,0.0442528165876865,0.0017831797013059
dia56_utt14,But I won’t have aged at all.,neutral,joy,neutral -> joy,0.5102813243865967,neutral,0.0746022388339042,0.0167240500450134,0.0017636935226619,0.5102813243865967,0.1987406313419342,0.178157553076744,0.0197305418550968
dia79_utt8,"Honey, we've been trying to have a baby for over a year.",neutral,sadness,neutral -> sadness,0.9468396306037904,neutral,0.0159180089831352,0.0020093179773539,0.0075440453365445,0.0105257136747241,0.0149541646242141,0.9468396306037904,0.0022091791033744
dia77_utt4,"I’m sorry, for the last time, why aren’t you two together again?",neutral,sadness,neutral -> sadness,0.931397557258606,neutral,0.0268407594412565,0.002759197494015,0.0040542203933,0.0038942659739404,0.0253255870193243,0.931397557258606,0.0057282610796391
dia69_utt5,"Uh we didn't, uh we didn't get the chance to talk.",neutral,sadness,neutral -> sadness,0.8842435479164124,neutral,0.0127392038702964,0.0020870086736977,0.0205702260136604,0.0297031234949827,0.0482330508530139,0.8842435479164124,0.0024238394107669
dia96_utt0,"No, I’m sorry. It’s just my foot itches like crazy.",neutral,sadness,neutral -> sadness,0.8542546629905701,neutral,0.0211032815277576,0.0120827509090304,0.0125012341886758,0.0372912362217903,0.057609174400568,0.8542546629905701,0.0051577207632362
dia4_utt14,"Well I uh, I skipped forth grade.",neutral,sadness,neutral -> sadness,0.8199145197868347,neutral,0.0529041737318038,0.0176760107278823,0.0087256683036684,0.0249426793307065,0.0549204163253307,0.8199145197868347,0.0209165327250957
dia51_utt4,"Yeah, he’s the reason I didn’t get that big",neutral,sadness,neutral -> sadness,0.776494562625885,neutral,0.0682896301150322,0.0563697442412376,0.003582636360079,0.0179585702717304,0.0745628476142883,0.776494562625885,0.0027420683763921
dia62_utt4,"Oh, I know.  Y’know, just-just talking about it is getting me kinda",neutral,sadness,neutral -> sadness,0.7461326718330383,neutral,0.0157258082181215,0.0127922007814049,0.1181677728891372,0.0193720255047082,0.0867476314306259,0.7461326718330383,0.0010618785163387
dia47_utt2,"Ah yeah, but now it’s Susan and me in Mexico and the hostages coming home.",neutral,sadness,neutral -> sadness,0.6585126519203186,neutral,0.1088717430830001,0.0092618046328425,0.0093635749071836,0.0322168134152889,0.1775735467672348,0.6585126519203186,0.0041998554952442
dia57_utt9,"Yeah, she finally stopped crying yesterday, but then she found one of Richard's cigar butts out on the terrace, so.",neutral,sadness,neutral -> sadness,0.6070247292518616,neutral,0.0385417789220809,0.0462643392384052,0.0049928817898035,0.0316220223903656,0.266738086938858,0.6070247292518616,0.0048161502927541
dia57_utt8,"No, it's been three nights in a row.",neutral,sadness,neutral -> sadness,0.5997399091720581,neutral,0.1466733664274215,0.0506335794925689,0.0069832880981266,0.0312166586518287,0.1572425365447998,0.5997399091720581,0.0075105531141161
dia37_utt10,"Of your last two boyfriends, Richard didn’t want to have kids, and from the looks of it, now Pete can’t.",neutral,sadness,neutral -> sadness,0.5967512726783752,neutral,0.0559035688638687,0.0268212147057056,0.0070860828272998,0.0091877114027738,0.2884269058704376,0.5967512726783752,0.0158232264220714
dia66_utt2,"Or maybe he-he was writing to tell her that-that he’s changed his name, y’know? Tell Monica I’m sorry.",neutral,sadness,neutral -> sadness,0.5953986644744873,neutral,0.0191868841648101,0.0036079895216971,0.1414865106344223,0.0274050720036029,0.1901551485061645,0.5953986644744873,0.0227597448974847
dia106_utt5,"Oh, I don’t know man. I haven’t talked to her in like ten years.",neutral,sadness,neutral -> sadness,0.580334484577179,neutral,0.0345926880836486,0.103793203830719,0.0371842049062252,0.0302817858755588,0.1375859081745147,0.580334484577179,0.0762276574969291
dia26_utt4,"Look, when it started I was just trying to be nice to her because she was my brother's girlfriend.",neutral,sadness,neutral -> sadness,0.5521464347839355,neutral,0.1019712164998054,0.0589079447090625,0.0146451126784086,0.0174000952392816,0.2521659731864929,0.5521464347839355,0.0027632489800453
dia24_utt3,"But,  you’ve got one more apology to make, all right, you’ve got to apologize to Mary-Angela.",neutral,sadness,neutral -> sadness,0.5430258512496948,neutral,0.0162663981318473,0.018845472484827,0.0128305731341242,0.0183339621871709,0.3876615762710571,0.5430258512496948,0.0030361348763108
dia44_utt2,"No, I-I actually thought it was unfair the way everyone reacted. I mean you had just moved in.",neutral,sadness,neutral -> sadness,0.5081232786178589,neutral,0.191357672214508,0.0686668381094932,0.0065173669718205,0.1006233692169189,0.1124821454286575,0.5081232786178589,0.0122294137254357
dia110_utt0,"Ohh, okay, they gave you the old time pricing.",neutral,sadness,neutral -> sadness,0.4622708559036255,neutral,0.1573516130447387,0.068739429116249,0.0030716061592102,0.0748714804649353,0.2311637997627258,0.4622708559036255,0.0025312285870313
dia9_utt6,"Someone I can learn from, someone-someone who’s different than me.",neutral,sadness,neutral -> sadness,0.4617998301982879,neutral,0.0245820749551057,0.0061895470134913,0.0225094221532344,0.1124992296099662,0.3626340627670288,0.4617998301982879,0.0097858654335141
dia63_utt16,"It’s a good thing I didn’t do it, because it sounds like it would’ve been a very expensive wedding.  Okay, good night",neutral,sadness,neutral -> sadness,0.3270707130432129,neutral,0.0681077912449836,0.0893006846308708,0.0151853505522012,0.2090272307395935,0.2866469919681549,0.3270707130432129,0.0046612750738859
dia18_utt3,No! Why?,neutral,surprise,neutral -> surprise,0.958120584487915,neutral,0.0089494045823812,0.0022390235681086,0.0029129707254469,0.0037447973154485,0.0193710047751665,0.0046621952205896,0.958120584487915
dia21_utt2,You know he's gay?,neutral,surprise,neutral -> surprise,0.9563709497451782,neutral,0.0031022357288748,0.0009921442251652,0.00281668221578,0.0036453027278184,0.0297507680952548,0.0033219170290976,0.9563709497451782
dia47_utt0,"Hey, what are you doing here?",neutral,surprise,neutral -> surprise,0.9119423031806946,neutral,0.0114343697205185,0.0020496600773185,0.0028016814030706,0.0085609508678317,0.0601788759231567,0.0030320566147565,0.9119423031806946
dia34_utt2,"Ok, where am I talking to, here?",neutral,surprise,neutral -> surprise,0.9095427393913268,neutral,0.0307629276067018,0.0053538219071924,0.0053254142403602,0.0051894877105951,0.0401654615998268,0.0036601773463189,0.9095427393913268
dia23_utt8,"Aw! Hey, do you think that Susan person is her lover?",neutral,surprise,neutral -> surprise,0.9067083597183228,neutral,0.0324966646730899,0.0267241969704628,0.0050845453515648,0.0034718203824013,0.0120782367885112,0.0134361935779452,0.9067083597183228
dia26_utt3,You were with Julie?,neutral,surprise,neutral -> surprise,0.882652997970581,neutral,0.0043461550958454,0.0014796874020248,0.003808309091255,0.0026309464592486,0.0979131236672401,0.0071687111631035,0.882652997970581
dia90_utt1,"Rachel, how did this happen?",neutral,surprise,neutral -> surprise,0.8665388226509094,neutral,0.0073446664027869,0.0009987468365579,0.0095170298591256,0.0216338969767093,0.0900040045380592,0.0039628301747143,0.8665388226509094
dia29_utt1,Who was that?,neutral,surprise,neutral -> surprise,0.8562546968460083,neutral,0.0092980535700917,0.0044622826389968,0.0044363117776811,0.0163818523287773,0.1031750217080116,0.0059917806647717,0.8562546968460083
dia22_utt4,That she likes women?,neutral,surprise,neutral -> surprise,0.8389071226119995,neutral,0.0075166444294154,0.0033589689992368,0.0128685729578137,0.0059320805594325,0.1213097348809242,0.0101068587973713,0.8389071226119995
dia12_utt2,What’s going on?,neutral,surprise,neutral -> surprise,0.8301002383232117,neutral,0.0111570712178945,0.0071429428644478,0.0325604826211929,0.0095179900527,0.1017651334404945,0.0077561354264616,0.8301002383232117
dia45_utt10,What’s going on?,neutral,surprise,neutral -> surprise,0.8301002383232117,neutral,0.0111570712178945,0.0071429428644478,0.0325604826211929,0.0095179900527,0.1017651334404945,0.0077561354264616,0.8301002383232117
dia22_utt5,That she left you for another woman that likes women?,neutral,surprise,neutral -> surprise,0.7797024250030518,neutral,0.0209370497614145,0.0051848115399479,0.0190650187432765,0.0079097244888544,0.1348281651735305,0.0323728211224079,0.7797024250030518
dia28_utt3,Of course you don't sweetie. You're brand new.,neutral,surprise,neutral -> surprise,0.7604265809059143,neutral,0.0258283596485853,0.0080832503736019,0.0070818196982145,0.0698431506752967,0.1097471863031387,0.0189896170049905,0.7604265809059143
dia84_utt2,"He said, ""Nice to meet you Glenda.""  Well, obviously I couldn't give him my real name?",neutral,surprise,neutral -> surprise,0.7436848878860474,neutral,0.0249030198901891,0.0047536585479974,0.0122183989733457,0.0185609944164752,0.1626789569854736,0.0332000218331813,0.7436848878860474
dia107_utt1,"Joey, what are you talking about? You’re a terrific actor.",neutral,surprise,neutral -> surprise,0.742928147315979,neutral,0.0206974204629659,0.0044297371059656,0.0027460081037133,0.2192872017621994,0.0070842434652149,0.0028273374773561,0.742928147315979
dia11_utt2,"Wait, Rach! Where's the other one?",neutral,surprise,neutral -> surprise,0.7177278399467468,neutral,0.0128459632396698,0.0030163412448018,0.0089564714580774,0.0111631350591778,0.2312379479408264,0.0150522533804178,0.7177278399467468
dia10_utt9,"Hello! I'm in the front seat, okay? I'm Gary's partner!",neutral,surprise,neutral -> surprise,0.7023358345031738,neutral,0.0871532559394836,0.0022628183942288,0.0044741807505488,0.1480546742677688,0.0444983057677745,0.0112208975479006,0.7023358345031738
dia8_utt1,I don’t know!,neutral,surprise,neutral -> surprise,0.6845577359199524,neutral,0.0475869812071323,0.0103632770478725,0.0871062651276588,0.1029611751437187,0.033934187144041,0.0334903672337532,0.6845577359199524
dia22_utt0,"Well, what?",neutral,surprise,neutral -> surprise,0.661973237991333,neutral,0.0160222463309764,0.0052764825522899,0.00920463912189,0.0170045997947454,0.2787573039531708,0.0117614837363362,0.661973237991333
dia105_utt1,"Hi, this is Monica from the plane?",neutral,surprise,neutral -> surprise,0.6610593795776367,neutral,0.0059342626482248,0.0010399783495813,0.0049267918802797,0.0099356500431895,0.3120152056217193,0.0050888480618596,0.6610593795776367
dia54_utt10,"Hey, if Little Joey's dead, then I got no reason to live!",sadness,anger,sadness -> anger,0.9460445046424866,sadness,0.9460445046424866,0.0077040344476699,0.0034468772355467,0.0095127187669277,0.004107913468033,0.0287869423627853,0.0003970641409978
dia84_utt5,He's gonna stick around and talk to the daughter he abandoned!,sadness,anger,sadness -> anger,0.8483827710151672,sadness,0.8483827710151672,0.0227219369262456,0.0042867148295044,0.0052507906220853,0.0060400906950235,0.1114517375826835,0.0018659499473869
dia84_utt4,"Come on, you saw the way he ran out of here!",sadness,anger,sadness -> anger,0.7434935569763184,sadness,0.7434935569763184,0.0510243847966194,0.0033131956588476,0.0684789568185806,0.0474394150078296,0.0560091063380241,0.0302413720637559
dia69_utt19,"Yeah, so, please don't fire me for doing this.",sadness,anger,sadness -> anger,0.4089179337024688,sadness,0.4089179337024688,0.0631011947989463,0.1841220259666443,0.0204440355300903,0.0248629543930292,0.2966426908969879,0.0019091978901997
dia30_utt3,"Don’t worry about me, I’m a robot! I’m just a machine!!",sadness,anger,sadness -> anger,0.3860271275043487,sadness,0.3860271275043487,0.0074403244070708,0.0093291252851486,0.2803030014038086,0.2867719233036041,0.0198327973484992,0.0102957291528582
dia69_utt13,It just doesn't matter how I feel.,sadness,anger,sadness -> anger,0.3546124994754791,sadness,0.3546124994754791,0.0303132869303226,0.0064642550423741,0.1116724237799644,0.2241742610931396,0.271559864282608,0.0012033975217491
dia28_utt6,"Oh, come on!",sadness,anger,sadness -> anger,0.3460491001605987,sadness,0.3460491001605987,0.0311126559972763,0.0229997783899307,0.2847098112106323,0.0748260095715522,0.1421775817871093,0.098125085234642
dia112_utt3,Noooo!!,sadness,anger,sadness -> anger,0.3229165375232696,sadness,0.3229165375232696,0.1578893661499023,0.054624143987894,0.1155638992786407,0.048545092344284,0.0753200575709343,0.2251409441232681
dia109_utt3,I'm Monica. I'm disgusting. I stalk guys and keep their underpants.,sadness,disgust,sadness -> disgust,0.9489498734474182,sadness,0.0182470008730888,0.9489498734474182,0.0015065630432218,0.0071559892967343,0.0065008397214114,0.0158082004636526,0.0018314676126465
dia0_utt0,"Oh my God, he’s lost it. He’s totally lost it.",sadness,disgust,sadness -> disgust,0.5872222185134888,sadness,0.207582339644432,0.5872222185134888,0.0164144858717918,0.0261552259325981,0.0029985297005623,0.1258646994829177,0.033762440085411
dia48_utt7,"Oh, it’s just like a bloodbath in here today.",sadness,disgust,sadness -> disgust,0.5494815111160278,sadness,0.1111051365733146,0.5494815111160278,0.0058604008518159,0.0526321232318878,0.0098719419911503,0.2623216807842254,0.0087272385135293
dia34_utt8,I feel stupid.,sadness,disgust,sadness -> disgust,0.4647337198257446,sadness,0.1051038950681686,0.4647337198257446,0.0098609933629632,0.0437683723866939,0.0255022700875997,0.3440075814723968,0.0070232283324003
dia63_utt8,"I know, I know it was stupid.",sadness,disgust,sadness -> disgust,0.3021475076675415,sadness,0.135030597448349,0.3021475076675415,0.0213771797716617,0.1266284137964248,0.1066854298114776,0.3016622066497803,0.0064686839468777
dia66_utt5,"Okay. Phoebe, I-I think Ross is right. What are we gonna do?",sadness,fear,sadness -> fear,0.6823988556861877,sadness,0.0279476884752511,0.0025143860839307,0.6823988556861877,0.102219246327877,0.1304015815258026,0.0383916310966014,0.0161266066133976
dia101_utt0,Emma!  See? I don’t want it.,sadness,fear,sadness -> fear,0.4270056486129761,sadness,0.3007071614265442,0.0380040109157562,0.4270056486129761,0.0104749165475368,0.0065040388144552,0.2031492441892624,0.0141549697145819
dia88_utt3,"Phoebe, don’t get upset!",sadness,fear,sadness -> fear,0.4111028909683227,sadness,0.3003604710102081,0.0249655935913324,0.4111028909683227,0.0635527893900871,0.149396926164627,0.0341921672224998,0.0164291840046644
dia36_utt5,"Okay. Oh wait, wait-wait, you’re not gonna come with me?",sadness,fear,sadness -> fear,0.366412341594696,sadness,0.0764099508523941,0.0073284087702631,0.366412341594696,0.0428617671132087,0.0528045296669006,0.1362646222114563,0.3179183602333069
dia56_utt10,"One thing you gotta know, is that I will never forget you.",sadness,joy,sadness -> joy,0.9197342395782472,sadness,0.0083884261548519,0.0016433557029813,0.0047679063864052,0.9197342395782472,0.0467369593679904,0.0168353058397769,0.0018938238499686
dia72_utt1,"Yes! Yes, I did.",sadness,joy,sadness -> joy,0.8089799880981445,sadness,0.0404734835028648,0.0022237212397158,0.0036250019911676,0.8089799880981445,0.074740931391716,0.0165482480078935,0.0534086041152477
dia77_utt12,"And then apart, and then together, and then apart, and now we have a baby.",sadness,joy,sadness -> joy,0.6615480780601501,sadness,0.0228447243571281,0.0012025254545733,0.0057767420075833,0.6615480780601501,0.242848128080368,0.0421077199280262,0.0236721280962228
dia103_utt1,"Oh honey, but you love that name.",sadness,joy,sadness -> joy,0.5863803029060364,sadness,0.0498727448284626,0.0236437376588583,0.0063459808006882,0.5863803029060364,0.1476204544305801,0.1116171553730964,0.0745195969939231
dia23_utt7,"I mean shoulda seen it, I mean Carol and I’d be out and she’d, she’d see some beautiful woman, and, and she’d be Ross y'know look at her, and I’d think, God, my wife is cool!",sadness,joy,sadness -> joy,0.4752033650875091,sadness,0.228572279214859,0.0236778352409601,0.0174063313752412,0.4752033650875091,0.0489056818187236,0.1482062935829162,0.0580282136797905
dia69_utt14,"I mean we work together, so nothing could really ever happen between us, and what I would love is just to go to work on Monday, and-and never talk about this again, okay?",sadness,joy,sadness -> joy,0.4067193269729614,sadness,0.1022742763161659,0.0119735989719629,0.0422737710177898,0.4067193269729614,0.1417620033025741,0.2921426296234131,0.0028543665539473
dia68_utt8,It-it would really help me out if you guys were here to make me look good.,sadness,joy,sadness -> joy,0.4051528871059418,sadness,0.05493800714612,0.0064916112460196,0.0852056294679641,0.4051528871059418,0.1553158909082412,0.2889513969421386,0.0039445264264941
dia56_utt16,"So long, Vic!",sadness,joy,sadness -> joy,0.3936082124710083,sadness,0.2773986458778381,0.0316979810595512,0.0091945519670844,0.3936082124710083,0.08291707187891,0.2022459656000137,0.0029375758022069
dia26_utt16,"Ok, Monica. I just have to know one thing. Did you go with her to",sadness,neutral,sadness -> neutral,0.9867974519729614,sadness,0.0021053913515061,0.0008375251782126,0.0036229996476322,0.0019854747224599,0.9867974519729614,0.0035538885276764,0.0010972773889079
dia63_utt5,"Okay Ross, can I uh, can I ask you something?",sadness,neutral,sadness -> neutral,0.9863957166671752,sadness,0.002137824660167,0.0002915984077844,0.0045279939658939,0.0031301735434681,0.9863957166671752,0.0024736181367188,0.0010430612601339
dia56_utt13,"But when I return, 200 years from now, you’ll be long gone.",sadness,neutral,sadness -> neutral,0.9848979115486144,sadness,0.0025559028144925,0.0006307609728537,0.000718185736332,0.004376895725727,0.9848979115486144,0.0051607391797006,0.001659600646235
dia113_utt9,No.,sadness,neutral,sadness -> neutral,0.9820755124092102,sadness,0.0035659421700984,0.0011865328997373,0.0006639109924435,0.0036268918775022,0.9820755124092102,0.0084670288488268,0.000414255016949
dia23_utt11,Seven years.,sadness,neutral,sadness -> neutral,0.9797930717468262,sadness,0.0036966335028409,0.0007972489111125,0.0014388213166967,0.0068383645266294,0.9797930717468262,0.0047281249426305,0.0027076541446149
dia74_utt3,"I think we do. Why don’t we go inside?  Look uh, I know why you’re here.",sadness,neutral,sadness -> neutral,0.9727410078048706,sadness,0.0061164810322225,0.0007376048597507,0.0053155762143433,0.0066487612202763,0.9727410078048706,0.0080681173130869,0.0003723303670994
dia113_utt3,"Just let me finish, okay?",sadness,neutral,sadness -> neutral,0.9702227711677552,sadness,0.017473004758358,0.001174748991616,0.0030698264017701,0.004392054863274,0.9702227711677552,0.002659807447344,0.001007727230899
dia28_utt5,"Oh, let's not tell this story.",sadness,neutral,sadness -> neutral,0.9678585529327391,sadness,0.0076657864265143,0.0022268239408731,0.0039966204203665,0.0132870096713304,0.9678585529327391,0.0041956161148846,0.0007696721586398
dia77_utt10,"Look, we’ve been together.",sadness,neutral,sadness -> neutral,0.9489673972129822,sadness,0.0058776885271072,0.0009371966007165,0.001088679768145,0.0102290157228708,0.9489673972129822,0.0318504087626934,0.0010496143950149
dia56_utt11,"But, you’ve got things you have to do now, and so do I.",sadness,neutral,sadness -> neutral,0.9466227293014526,sadness,0.0117430351674556,0.0014244057238101,0.0031551108695566,0.0283095818012952,0.9466227293014526,0.0083169871941208,0.0004282216541469
dia93_utt7,How're you doing?,sadness,neutral,sadness -> neutral,0.9463119506835938,sadness,0.0036568343639373,0.0005147695774212,0.0018107623327523,0.0191436782479286,0.9463119506835938,0.0159842427819967,0.0125776538625359
dia6_utt5,I left my guitar in their apartment.,sadness,neutral,sadness -> neutral,0.9345738887786864,sadness,0.0060650547966361,0.0041012642905116,0.0026582747232168,0.0081865163519978,0.9345738887786864,0.0433037988841533,0.0011112981010228
dia56_utt8,"Yeah, I guess it is.",sadness,neutral,sadness -> neutral,0.9225923418998718,sadness,0.0057996003888547,0.0011611436493694,0.0017580966232344,0.02432681620121,0.9225923418998718,0.0433851480484008,0.0009769514435902
dia69_utt1,I'm okay. I gotta go down to the police station and look at mug shots.,sadness,neutral,sadness -> neutral,0.9204484224319458,sadness,0.0041062622331082,0.0034315173979848,0.0088298264890909,0.0065005677752196,0.9204484224319458,0.0560555420815944,0.0006279226508922
dia113_utt1,But I,sadness,neutral,sadness -> neutral,0.9076462388038636,sadness,0.0115201622247695,0.0011539789848029,0.0250311773270368,0.0319242626428604,0.9076462388038636,0.0155133493244647,0.00721085537225
dia27_utt3,Why not?,sadness,neutral,sadness -> neutral,0.9008257985115052,sadness,0.0064146784134209,0.0010408296948298,0.0033256004098802,0.0217478089034557,0.9008257985115052,0.0045506446622312,0.0620946623384952
dia93_utt0,How is she?,sadness,neutral,sadness -> neutral,0.8898190259933472,sadness,0.0024435615632683,0.0005107585457153,0.003544581355527,0.0102052651345729,0.8898190259933472,0.0072536934167146,0.0862231031060218
dia16_utt1,we talked through most of the night and we realized that the reason we were so angry at each other was because there are still feelings there. So,sadness,neutral,sadness -> neutral,0.8862591981887817,sadness,0.0097205676138401,0.0014448892325162,0.0038606754969805,0.0688246414065361,0.8862591981887817,0.027402700856328,0.0024873549118638
dia14_utt6,Toby don’t.,sadness,neutral,sadness -> neutral,0.8829413056373596,sadness,0.0195850357413291,0.0061962092295289,0.0214655436575412,0.0331952609121799,0.8829413056373596,0.0342030972242355,0.0024135403800755
dia56_utt12,"And so… I’m gonna get on this spaceship,  and I’m gonna go to Blargon 7 in search of alternative fuels.",sadness,neutral,sadness -> neutral,0.8625304698944092,sadness,0.0390187576413154,0.0036305312532931,0.0107165668159723,0.0714136809110641,0.8625304698944092,0.0108214970678091,0.001868532737717
dia79_utt7,We really need to take those tests?,sadness,surprise,sadness -> surprise,0.968531370162964,sadness,0.0077008088119328,0.0017368991393595,0.0041551403701305,0.0037552153225988,0.0074380324222147,0.0066825752146542,0.968531370162964
dia12_utt4,Oh my God! Why would you play hide and seek with someone you know is a flight risk?!,sadness,surprise,sadness -> surprise,0.936253547668457,sadness,0.0122447554022073,0.0352869033813476,0.0063659283332526,0.0017980720149353,0.0029627531766891,0.005088014062494,0.936253547668457
dia112_utt1,“Good-bye Phoebe and Ursula. I’ll miss you. P.S. Your Mom lives in Montauk.” You just wrote this!,sadness,surprise,sadness -> surprise,0.7409034967422485,sadness,0.1302125453948974,0.0079021304845809,0.0087098684161901,0.017996797338128,0.012965053319931,0.0813101306557655,0.7409034967422485
dia113_utt13,I know!,sadness,surprise,sadness -> surprise,0.6142520904541016,sadness,0.090305358171463,0.0054897242225706,0.006669410970062,0.2338356971740722,0.0266336016356945,0.0228140708059072,0.6142520904541016
dia23_utt13,"Aw, God Ross. Oh.",sadness,surprise,sadness -> surprise,0.4525890052318573,sadness,0.0227407161146402,0.0658107623457908,0.1006251275539398,0.0908423066139221,0.0312014315277338,0.2361906915903091,0.4525890052318573
dia113_utt8,"I mean we’re not, we’re not gonna live together anymore?",sadness,surprise,sadness -> surprise,0.44142946600914,sadness,0.0692689046263694,0.0098385168239474,0.0888213142752647,0.0158128552138805,0.0175047628581523,0.3573241829872131,0.44142946600914
dia26_utt11,I never meant for you to find out!,sadness,surprise,sadness -> surprise,0.4284236133098602,sadness,0.325713962316513,0.022429859265685,0.0372720919549465,0.0223566927015781,0.0081370761618018,0.155666634440422,0.4284236133098602
dia44_utt0,I know. You're the guy who wouldn't chip in for the handyman.,sadness,surprise,sadness -> surprise,0.425214409828186,sadness,0.1932933330535888,0.0683801993727684,0.0058137932792305,0.0231343526393175,0.1287775784730911,0.155386283993721,0.425214409828186
dia14_utt7,Bob!,sadness,surprise,sadness -> surprise,0.3519076108932495,sadness,0.2073429822921753,0.0083365542814135,0.0044446000829339,0.3090308010578155,0.0703397989273071,0.0485976673662662,0.3519076108932495
dia2_utt2,What are you talkin’ about? I never left you! You’ve always been my agent!,surprise,anger,surprise -> anger,0.9055808186531068,surprise,0.9055808186531068,0.001592015963979,0.0069504873827099,0.054659828543663,0.0045869997702538,0.016775544732809,0.0098543297499418
dia50_utt1,I didn’t do that! Who would’ve done that?!,surprise,anger,surprise -> anger,0.5959962010383606,surprise,0.5959962010383606,0.0309994723647832,0.1554984301328659,0.016378253698349,0.0099552804604172,0.1249348372220993,0.0662375837564468
dia16_utt2,Oh just say it Kyle!,surprise,anger,surprise -> anger,0.5057013034820557,surprise,0.5057013034820557,0.0294256713241338,0.0595640651881694,0.2614888548851013,0.0824102908372879,0.052970640361309,0.008439116179943
dia40_utt0,I thought I was a complete idiot.,surprise,anger,surprise -> anger,0.3574622869491577,surprise,0.3574622869491577,0.1330208033323288,0.0117230638861656,0.3153074085712433,0.0104701314121484,0.0720287859439849,0.0999875217676162
dia107_utt3,"Ugh, how can you even ask that question?!",surprise,disgust,surprise -> disgust,0.7088741064071655,surprise,0.1519695818424224,0.7088741064071655,0.0035987580195069,0.0097790015861392,0.0056277350522577,0.055535715073347,0.0646151304244995
dia23_utt5,"Oh my God! I don’t believe it! Oh, you poor bunny.",surprise,disgust,surprise -> disgust,0.4728904664516449,surprise,0.113481193780899,0.4728904664516449,0.0164560507982969,0.0257898308336734,0.0037199493963271,0.1424527615308761,0.2252097129821777
dia46_utt5,"What?  So what are you going to do? I mean how, how are you going to tell Chandler?",surprise,fear,surprise -> fear,0.4099537432193756,surprise,0.0279628001153469,0.0076749240979552,0.4099537432193756,0.0363232977688312,0.0892405286431312,0.1360961496829986,0.2927484810352325
dia108_utt2,"This one doesn't hurt either—Ooh, yes it does!",surprise,joy,surprise -> joy,0.9727545380592346,surprise,0.0075356545858085,0.0005426033167168,0.0006682822713628,0.9727545380592346,0.0064977700822055,0.0013689122861251,0.0106322420760989
dia37_utt3,"Check it out, he’s winning!  Pete’s winning!",surprise,joy,surprise -> joy,0.8805851936340332,surprise,0.0447300001978874,0.000793372048065,0.0017689369851723,0.8805851936340332,0.0044647553004324,0.0034720634575933,0.064185693860054
dia13_utt5,We got another one!,surprise,joy,surprise -> joy,0.8364471197128296,surprise,0.0579751208424568,0.0010344521142542,0.0014399053761735,0.8364471197128296,0.0093527175486087,0.0042097363620996,0.0895409733057022
dia36_utt9,Thank you.  Oww!!!! God!,surprise,joy,surprise -> joy,0.7973500490188599,surprise,0.0162901412695646,0.0086285406723618,0.0045340303331613,0.7973500490188599,0.0070382393896579,0.0126414047554135,0.1535175889730453
dia27_utt0,Yeah!,surprise,joy,surprise -> joy,0.7784497737884521,surprise,0.0460505150258541,0.003844553604722,0.0031906573567539,0.7784497737884521,0.1154786348342895,0.0118072349578142,0.0411786921322345
dia77_utt1,Look at Emma!,surprise,joy,surprise -> joy,0.7692648768424988,surprise,0.0371016599237918,0.0069758114404976,0.0037973516155034,0.7692648768424988,0.0280837807804346,0.0108992485329508,0.1438773274421692
dia23_utt9,"Well, now I do!!",surprise,joy,surprise -> joy,0.7340936064720154,surprise,0.1628184020519256,0.0018679064232856,0.0024397212546318,0.7340936064720154,0.0165405850857496,0.0107512837275862,0.0714884921908378
dia108_utt0,Ross! Get a shot of this. (He's carrying an issue of the,surprise,joy,surprise -> joy,0.6337064504623413,surprise,0.0403156206011772,0.006784486118704,0.0020307332742959,0.6337064504623413,0.2317580133676529,0.0111285457387566,0.0742761418223381
dia26_utt2,Jody!,surprise,joy,surprise -> joy,0.597949743270874,surprise,0.1393852233886718,0.0124329961836338,0.0065003796480596,0.597949743270874,0.0605564564466476,0.0439253263175487,0.1392498761415481
dia58_utt4,Hey!,surprise,joy,surprise -> joy,0.53883296251297,surprise,0.0369196608662605,0.0023739272728562,0.0025952644646167,0.53883296251297,0.2686784863471985,0.0040637147612869,0.1465359330177307
dia97_utt18,Hey!,surprise,joy,surprise -> joy,0.53883296251297,surprise,0.0369196608662605,0.0023739272728562,0.0025952644646167,0.53883296251297,0.2686784863471985,0.0040637147612869,0.1465359330177307
dia76_utt1,"Yes! Wow, well, that-that was easy. Okay, you-you go.",surprise,joy,surprise -> joy,0.5039350986480713,surprise,0.0476601906120777,0.0038730378728359,0.0027643558569252,0.5039350986480713,0.0479207746684551,0.0166346319019794,0.3772119581699371
dia104_utt12,"Yes, you did!",surprise,joy,surprise -> joy,0.4625503718852997,surprise,0.2285554409027099,0.004531102720648,0.0052074673585593,0.4625503718852997,0.0284934006631374,0.0251678712666034,0.2454943209886551
dia85_utt16,Ken Adams!!,surprise,joy,surprise -> joy,0.3468261063098907,surprise,0.2842288613319397,0.0077752089127898,0.0071971779689192,0.3468261063098907,0.0448184795677661,0.018107945099473,0.2910462617874145
dia13_utt10,"Hey, where's his thing?",surprise,neutral,surprise -> neutral,0.9915783405303956,surprise,0.0010953471064567,0.0005882899276912,0.0004916564794257,0.0039925049059093,0.9915783405303956,0.0012855241075158,0.0009684208780527
dia80_utt4,Minsk?,surprise,neutral,surprise -> neutral,0.9602134227752686,surprise,0.0056643220596015,0.0013808473013341,0.0055927508510649,0.0048271678388118,0.9602134227752686,0.0044535412453114,0.0178678799420595
dia36_utt6,Of course I am. I just have to make a call.,surprise,neutral,surprise -> neutral,0.9446324110031128,surprise,0.0022681122645735,0.0003446767514105,0.0034747486934065,0.0448674783110618,0.9446324110031128,0.0040614339523017,0.000351093680365
dia97_utt12,And is this in case the house sneezes?,surprise,neutral,surprise -> neutral,0.9253239035606384,surprise,0.0182551238685846,0.006409234367311,0.0083774141967296,0.0345669984817504,0.9253239035606384,0.0056634619832038,0.0014039712259545
dia97_utt8,What’s this?,surprise,neutral,surprise -> neutral,0.907683253288269,surprise,0.0021786608267575,0.0005710310069844,0.0042799785733222,0.0089736469089984,0.907683253288269,0.0027552531100809,0.0735582187771797
dia22_utt12,"So in your whole life, you've only been with one——oh.",surprise,neutral,surprise -> neutral,0.8906728625297546,surprise,0.0052703069522976,0.002696331590414,0.0054170750081539,0.007352368440479,0.8906728625297546,0.0704923942685127,0.0180987194180488
dia46_utt4,"You guys, Joey just saw Janice kissing her ex-husband.",surprise,neutral,surprise -> neutral,0.8034789562225342,surprise,0.0340545959770679,0.0652592852711677,0.0033174878917634,0.0135450083762407,0.8034789562225342,0.0629604235291481,0.0173841994255781
dia27_utt8,As in Barbara Streisand’s husband James Brolin?,surprise,neutral,surprise -> neutral,0.798035204410553,surprise,0.0131741259247064,0.0049079908058047,0.004589688964188,0.0078301560133695,0.798035204410553,0.0248342938721179,0.1466284692287445
dia67_utt9,Yeah! It’s weird. But the thing is need to find a date.,surprise,neutral,surprise -> neutral,0.7496843338012695,surprise,0.0165245048701763,0.0158187951892614,0.0057100947014987,0.1547904759645462,0.7496843338012695,0.0456749126315116,0.0117969345301389
dia37_utt9,"Well, this is ironic.",surprise,neutral,surprise -> neutral,0.697995662689209,surprise,0.0449282489717006,0.0160165932029485,0.0025285801384598,0.1601856052875518,0.697995662689209,0.0563879534602165,0.0219573136419057
dia4_utt2,"Oh-oh, you’re-you’re fellow scholars.",surprise,neutral,surprise -> neutral,0.5973429679870605,surprise,0.0249751787632703,0.0017397088231518,0.0109770093113183,0.2617858052253723,0.5973429679870605,0.0332997366786003,0.0698796361684799
dia54_utt11,"Joey, uh-",surprise,neutral,surprise -> neutral,0.5921590924263,surprise,0.0141569441184401,0.0044515058398246,0.2712558507919311,0.0294236242771148,0.5921590924263,0.0790000036358833,0.0095530208200216
dia97_utt10,Not one that can pee on the roof.,surprise,neutral,surprise -> neutral,0.5332671403884888,surprise,0.0562787242233753,0.2829528748989105,0.0024525839835405,0.034999094903469,0.5332671403884888,0.0846403613686561,0.0054092174395918
dia7_utt4,"Uh, what?",surprise,neutral,surprise -> neutral,0.4876721203327179,surprise,0.0103074014186859,0.0042852675542235,0.040861751884222,0.0201538912951946,0.4876721203327179,0.0188541878014802,0.4178653657436371
dia4_utt13,"Y’know, you look nothing like I would’ve thought. You’re…you’re so young.",surprise,neutral,surprise -> neutral,0.4125929772853851,surprise,0.0155066223815083,0.0152440825477242,0.014778982847929,0.1433992981910705,0.4125929772853851,0.1544629633426666,0.2440150529146194
dia13_utt13,They musta read the sonogram wrong.,surprise,neutral,surprise -> neutral,0.3921751081943512,surprise,0.0167840365320444,0.0083283213898539,0.0515476502478122,0.0862852483987808,0.3921751081943512,0.3147522509098053,0.1301274597644806
dia47_utt5,"Ahh.  Ooh, is this a ah, is this a bad time?",surprise,sadness,surprise -> sadness,0.9153895378112792,surprise,0.0143407676368951,0.0091859158128499,0.0214633513242006,0.0166209451854228,0.0048347478732466,0.9153895378112792,0.0181646365672349
dia49_utt1,"How, how is this my fault?",surprise,sadness,surprise -> sadness,0.7068490982055664,surprise,0.1966140568256378,0.0101274149492383,0.0215798430144786,0.0134720848873257,0.0111251873895525,0.7068490982055664,0.0402323305606842
dia95_utt5,"I still don’t get it, we didn’t do anything wrong.",surprise,sadness,surprise -> sadness,0.5114694833755493,surprise,0.3173094987869262,0.0481307283043861,0.0611533485352993,0.0190633628517389,0.0379364565014839,0.5114694833755493,0.0049371547065675
